Parlament,Government,Year,PMHeb,PMEng,PMID,PartyHeb,PartyEng,PartyID,Mandates,BlockHeb,BlockEng,BlockID
1,1,1949,דוד בן-גוריון,David Ben Gurion,0,"מפא""י",Mapai,78,46,שמאל,Left,5
1,1,1949,דוד בן-גוריון,David Ben Gurion,0,חזית דתית מאוחדת,Hazit Datit Meuhedet,53,16,דתיים,Religious,1
1,1,1949,דוד בן-גוריון,David Ben Gurion,0,המפלגה הפרוגרסיבית,Hamiflaga Hprogresivit,30,5,מרכז,Centre,0
1,1,1949,דוד בן-גוריון,David Ben Gurion,0,ספרדים ועדות המזרח,Sfaradim Veedot Hamizrah,88,4,סקטוריאלית,Sectorial,3
1,1,1949,דוד בן-גוריון,David Ben Gurion,0,הרשימה הדמוקרטית של נצרת,Hareshima Hademokratit,39,2,ערבית,Arabs,4
1,1,1949,דוד בן-גוריון,David Ben Gurion,0,"מפ""ם",Mapam,77,19,שמאל,Left,5
1,1,1949,דוד בן-גוריון,David Ben Gurion,0,תנועת החרות,Tnuat Haheyrut,112,14,ימין,Right,2
1,1,1949,דוד בן-גוריון,David Ben Gurion,0,הציונים הכלליים,Hatsiyonim Haklaliyim,38,7,ימין,Right,2
1,1,1949,דוד בן-גוריון,David Ben Gurion,0,"מק""י",Maki,83,4,שמאל,Left,5
1,1,1949,דוד בן-גוריון,David Ben Gurion,0,מפלגת הלוחמים,Mifleget Halohamim,80,1,ימין,Right,2
1,1,1949,דוד בן-גוריון,David Ben Gurion,0,ויצו,Vitso,48,1,סקטוריאלית,Sectorial,3
1,1,1949,דוד בן-גוריון,David Ben Gurion,0,התאחדות התימנים,Hitahdut Hateimanim,43,1,סקטוריאלית,Sectorial,3
1,2,1950,דוד בן-גוריון,David Ben Gurion,0,"מפא""י",Mapai,78,46,שמאל,Left,5
1,2,1950,דוד בן-גוריון,David Ben Gurion,0,חזית דתית מאוחדת,Hazit Datit Meuhedet,53,16,דתיים,Religious,1
1,2,1950,דוד בן-גוריון,David Ben Gurion,0,המפלגה הפרוגרסיבית,Hamiflaga Hprogresivit,30,5,מרכז,Centre,0
1,2,1950,דוד בן-גוריון,David Ben Gurion,0,ספרדים ועדות המזרח,Sfaradim Veedot Hamizrah,88,4,סקטוריאלית,Sectorial,3
1,2,1950,דוד בן-גוריון,David Ben Gurion,0,הרשימה הדמוקרטית של נצרת,Hareshima Hademokratit,39,2,ערבית,Arabs,4
1,2,1950,דוד בן-גוריון,David Ben Gurion,0,"מפ""ם",Mapam,77,19,שמאל,Left,5
1,2,1950,דוד בן-גוריון,David Ben Gurion,0,תנועת החרות,Tnuat Haheyrut,112,14,ימין,Right,2
1,2,1950,דוד בן-גוריון,David Ben Gurion,0,הציונים הכלליים,Hatsiyonim Haklaliyim,38,7,ימין,Right,2
1,2,1950,דוד בן-גוריון,David Ben Gurion,0,"מק""י",Maki,83,4,שמאל,Left,5
1,2,1950,דוד בן-גוריון,David Ben Gurion,0,מפלגת הלוחמים,Mifleget Halohamim,80,1,ימין,Right,2
1,2,1950,דוד בן-גוריון,David Ben Gurion,0,ויצו,Vitso,48,1,סקטוריאלית,Sectorial,3
1,2,1950,דוד בן-גוריון,David Ben Gurion,0,התאחדות התימנים,Hitahdut Hateimanim,43,1,סקטוריאלית,Sectorial,3
2,3,1951,דוד בן-גוריון,David Ben Gurion,0,"מפא""י",Mapai,78,45,שמאל,Left,5
2,3,1951,דוד בן-גוריון,David Ben Gurion,0,הפועל המזרחי,Hapoel Hamizrahi,37,8,דתיים,Religious,1
2,3,1951,דוד בן-גוריון,David Ben Gurion,0,רשימה דמוקרטית לערביי ישראל,Reshima Demokratit laraviyey,104,3,ערבית,Arabs,4
2,3,1951,דוד בן-גוריון,David Ben Gurion,0,אגודת ישראל,Agudat Yisrael,0,3,דתיים,Religious,1
2,3,1951,דוד בן-גוריון,David Ben Gurion,0,פועלי אגודת ישראל,Poaley Agudat Yisrael,90,2,דתיים,Religious,1
2,3,1951,דוד בן-גוריון,David Ben Gurion,0,המזרחי,Hamizrahi,23,2,דתיים,Religious,1
2,3,1951,דוד בן-גוריון,David Ben Gurion,0,קידמה ועבודה,Kadima VeAvoda,94,1,ערבית,Arabs,4
2,3,1951,דוד בן-גוריון,David Ben Gurion,0,חקלאות ופיתוח,Haklaut VePituah,55,1,ערבית,Arabs,4
2,3,1951,דוד בן-גוריון,David Ben Gurion,0,הציונים הכלליים,Hatsiyonim Haklaliyim,38,20,ימין,Right,2
2,3,1951,דוד בן-גוריון,David Ben Gurion,0,"מפ""ם",Mapam,77,15,שמאל,Left,5
2,3,1951,דוד בן-גוריון,David Ben Gurion,0,חרות,Herut,56,8,ימין,Right,2
2,3,1951,דוד בן-גוריון,David Ben Gurion,0,"מק""י",Maki,83,5,שמאל,Left,5
2,3,1951,דוד בן-גוריון,David Ben Gurion,0,המפלגה הפרוגרסיבית,Hamiflaga Hprogresivit,30,4,מרכז,Centre,0
2,3,1951,דוד בן-גוריון,David Ben Gurion,0,ספרדים ועדות המזרח,Sfaradim Veedot Hamizrah,88,2,סקטוריאלית,Sectorial,3
2,3,1951,דוד בן-גוריון,David Ben Gurion,0,התאחדות התימנים,Hitahdut Hateimanim,43,1,סקטוריאלית,Sectorial,3
2,4,1952,דוד בן-גוריון,David Ben Gurion,0,"מפא""י",Mapai,78,45,שמאל,Left,5
2,4,1952,דוד בן-גוריון,David Ben Gurion,0,הפועל המזרחי,Hapoel Hamizrahi,37,8,דתיים,Religious,1
2,4,1952,דוד בן-גוריון,David Ben Gurion,0,רשימה דמוקרטית לערביי ישראל,Reshima Demokratit laraviyey,104,3,ערבית,Arabs,4
2,4,1952,דוד בן-גוריון,David Ben Gurion,0,אגודת ישראל,Agudat Yisrael,0,3,דתיים,Religious,1
2,4,1952,דוד בן-גוריון,David Ben Gurion,0,פועלי אגודת ישראל,Poaley Agudat Yisrael,90,2,דתיים,Religious,1
2,4,1952,דוד בן-גוריון,David Ben Gurion,0,המזרחי,Hamizrahi,23,2,דתיים,Religious,1
2,4,1952,דוד בן-גוריון,David Ben Gurion,0,קידמה ועבודה,Kadima VeAvoda,94,1,ערבית,Arabs,4
2,4,1952,דוד בן-גוריון,David Ben Gurion,0,חקלאות ופיתוח,Haklaut VePituah,55,1,ערבית,Arabs,4
2,4,1952,דוד בן-גוריון,David Ben Gurion,0,הציונים הכלליים,Hatsiyonim Haklaliyim,38,23,ימין,Right,2
2,4,1952,דוד בן-גוריון,David Ben Gurion,0,סיעת שמאל,Siat Smol,87,3,שמאל,Left,5
2,4,1952,דוד בן-גוריון,David Ben Gurion,0,"מפ""ם",Mapam,77,12,שמאל,Left,5
2,4,1952,דוד בן-גוריון,David Ben Gurion,0,חרות,Herut,56,8,ימין,Right,2
2,4,1952,דוד בן-גוריון,David Ben Gurion,0,"מק""י",Maki,83,5,שמאל,Left,5
2,4,1952,דוד בן-גוריון,David Ben Gurion,0,המפלגה הפרוגרסיבית,Hamiflaga Hprogresivit,30,4,מרכז,Centre,0
2,5,1954,משה שרת,Moshe Sharet,1,"מפא""י",Mapai,78,47,שמאל,Left,5
2,5,1954,משה שרת,Moshe Sharet,1,הפועל המזרחי,Hapoel Hamizrahi,37,8,דתיים,Religious,1
2,5,1954,משה שרת,Moshe Sharet,1,רשימה דמוקרטית לערביי ישראל,Reshima Demokratit laraviyey,104,3,ערבית,Arabs,4
2,5,1954,משה שרת,Moshe Sharet,1,אגודת ישראל,Agudat Yisrael,0,3,דתיים,Religious,1
2,5,1954,משה שרת,Moshe Sharet,1,פועלי אגודת ישראל,Poaley Agudat Yisrael,90,2,דתיים,Religious,1
2,5,1954,משה שרת,Moshe Sharet,1,המזרחי,Hamizrahi,23,2,דתיים,Religious,1
2,5,1954,משה שרת,Moshe Sharet,1,קידמה ועבודה,Kadima VeAvoda,94,1,ערבית,Arabs,4
2,5,1954,משה שרת,Moshe Sharet,1,חקלאות ופיתוח,Haklaut VePituah,55,1,ערבית,Arabs,4
2,5,1954,משה שרת,Moshe Sharet,1,הציונים הכלליים,Hatsiyonim Haklaliyim,38,23,ימין,Right,2
2,5,1954,משה שרת,Moshe Sharet,1,סיעת שמאל,Siat Smol,87,3,שמאל,Left,5
2,5,1954,משה שרת,Moshe Sharet,1,"מפ""ם",Mapam,77,10,שמאל,Left,5
2,5,1954,משה שרת,Moshe Sharet,1,חרות,Herut,56,8,ימין,Right,2
2,5,1954,משה שרת,Moshe Sharet,1,"מק""י",Maki,83,5,שמאל,Left,5
2,5,1954,משה שרת,Moshe Sharet,1,המפלגה הפרוגרסיבית,Hamiflaga Hprogresivit,30,4,מרכז,Centre,0
2,6,1955,משה שרת,Moshe Sharet,1,"מפא""י",Mapai,78,47,שמאל,Left,5
2,6,1955,משה שרת,Moshe Sharet,1,הפועל המזרחי,Hapoel Hamizrahi,37,8,דתיים,Religious,1
2,6,1955,משה שרת,Moshe Sharet,1,רשימה דמוקרטית לערביי ישראל,Reshima Demokratit laraviyey,104,3,ערבית,Arabs,4
2,6,1955,משה שרת,Moshe Sharet,1,אגודת ישראל,Agudat Yisrael,0,3,דתיים,Religious,1
2,6,1955,משה שרת,Moshe Sharet,1,פועלי אגודת ישראל,Poaley Agudat Yisrael,90,2,דתיים,Religious,1
2,6,1955,משה שרת,Moshe Sharet,1,המזרחי,Hamizrahi,23,2,דתיים,Religious,1
2,6,1955,משה שרת,Moshe Sharet,1,קידמה ועבודה,Kadima VeAvoda,94,1,ערבית,Arabs,4
2,6,1955,משה שרת,Moshe Sharet,1,חקלאות ופיתוח,Haklaut VePituah,55,1,ערבית,Arabs,4
2,6,1955,משה שרת,Moshe Sharet,1,הציונים הכלליים,Hatsiyonim Haklaliyim,38,22,ימין,Right,2
2,6,1955,משה שרת,Moshe Sharet,1,אחדות העבודה-פועלי ציון,Achdut Haavoda - Poaley,3,4,שמאל,Left,5
2,6,1955,משה שרת,Moshe Sharet,1,"מפ""ם",Mapam,77,7,שמאל,Left,5
2,6,1955,משה שרת,Moshe Sharet,1,חרות,Herut,56,8,ימין,Right,2
2,6,1955,משה שרת,Moshe Sharet,1,"מק""י",Maki,83,7,שמאל,Left,5
2,6,1955,משה שרת,Moshe Sharet,1,המפלגה הפרוגרסיבית,Hamiflaga Hprogresivit,30,4,מרכז,Centre,0
2,6,1955,משה שרת,Moshe Sharet,1,התאחדות התימנים,Hitahdut Hateimanim,43,1,סקטוריאלית,Sectorial,3
3,7,1955,דוד בן-גוריון,David Ben Gurion,0,"מפא""י",Mapai,78,40,שמאל,Left,5
3,7,1955,דוד בן-גוריון,David Ben Gurion,0,חזית דתית לאומית,Hazit Datit Leumit,52,11,דתיים,Religious,1
3,7,1955,דוד בן-גוריון,David Ben Gurion,0,אחדות העבודה-פועלי ציון,Achdut Haavoda - Poaley,3,10,שמאל,Left,5
3,7,1955,דוד בן-גוריון,David Ben Gurion,0,"מפ""ם",Mapam,77,9,שמאל,Left,5
3,7,1955,דוד בן-גוריון,David Ben Gurion,0,המפלגה הפרוגרסיבית,Hamiflaga Hprogresivit,30,5,מרכז,Centre,0
3,7,1955,דוד בן-גוריון,David Ben Gurion,0,רשימה דמוקרטית לערביי ישראל,Reshima Demokratit laraviyey,104,2,ערבית,Arabs,4
3,7,1955,דוד בן-גוריון,David Ben Gurion,0,קידמה ועבודה,Kadima VeAvoda,94,2,ערבית,Arabs,4
3,7,1955,דוד בן-גוריון,David Ben Gurion,0,חקלאות ופיתוח,Haklaut VePituah,55,1,ערבית,Arabs,4
3,7,1955,דוד בן-גוריון,David Ben Gurion,0,חרות,Herut,56,15,ימין,Right,2
3,7,1955,דוד בן-גוריון,David Ben Gurion,0,הציונים הכלליים,Hatsiyonim Haklaliyim,38,13,ימין,Right,2
3,7,1955,דוד בן-גוריון,David Ben Gurion,0,חזית דתית תורתית,Hazit Datit Toratit,54,6,דתיים,Religious,1
3,7,1955,דוד בן-גוריון,David Ben Gurion,0,"מק""י",Maki,83,6,שמאל,Left,5
3,8,1958,דוד בן-גוריון,David Ben Gurion,0,"מפא""י",Mapai,78,40,שמאל,Left,5
3,8,1958,דוד בן-גוריון,David Ben Gurion,0,"מפד""ל",Mafdal,79,11,דתיים,Religious,1
3,8,1958,דוד בן-גוריון,David Ben Gurion,0,אחדות העבודה-פועלי ציון,Achdut Haavoda - Poaley,3,10,שמאל,Left,5
3,8,1958,דוד בן-גוריון,David Ben Gurion,0,"מפ""ם",Mapam,77,9,שמאל,Left,5
3,8,1958,דוד בן-גוריון,David Ben Gurion,0,המפלגה הפרוגרסיבית,Hamiflaga Hprogresivit,30,5,מרכז,Centre,0
3,8,1958,דוד בן-גוריון,David Ben Gurion,0,רשימה דמוקרטית לערביי ישראל,Reshima Demokratit laraviyey,104,2,ערבית,Arabs,4
3,8,1958,דוד בן-גוריון,David Ben Gurion,0,קידמה ועבודה,Kadima VeAvoda,94,2,ערבית,Arabs,4
3,8,1958,דוד בן-גוריון,David Ben Gurion,0,חקלאות ופיתוח,Haklaut VePituah,55,1,ערבית,Arabs,4
3,8,1958,דוד בן-גוריון,David Ben Gurion,0,חרות,Herut,56,15,ימין,Right,2
3,8,1958,דוד בן-גוריון,David Ben Gurion,0,הציונים הכלליים,Hatsiyonim Haklaliyim,38,13,ימין,Right,2
3,8,1958,דוד בן-גוריון,David Ben Gurion,0,אגודת ישראל-פועלי אגודת ישראל,Agudat Yisrael - Poaley,1,6,דתיים,Religious,1
3,8,1958,דוד בן-גוריון,David Ben Gurion,0,"מק""י",Maki,83,6,שמאל,Left,5
4,9,1959,דוד בן-גוריון,David Ben Gurion,0,"מפא""י",Mapai,78,47,שמאל,Left,5
4,9,1959,דוד בן-גוריון,David Ben Gurion,0,"מפד""ל",Mafdal,79,12,דתיים,Religious,1
4,9,1959,דוד בן-גוריון,David Ben Gurion,0,"מפ""ם",Mapam,77,9,שמאל,Left,5
4,9,1959,דוד בן-גוריון,David Ben Gurion,0,אחדות העבודה-פועלי ציון,Achdut Haavoda - Poaley,3,7,שמאל,Left,5
4,9,1959,דוד בן-גוריון,David Ben Gurion,0,חזית דתית תורתית,Hazit Datit Toratit,54,6,דתיים,Religious,1
4,9,1959,דוד בן-גוריון,David Ben Gurion,0,המפלגה הפרוגרסיבית,Hamiflaga Hprogresivit,30,6,מרכז,Centre,0
4,9,1959,דוד בן-גוריון,David Ben Gurion,0,קידמה ופיתוח,Kidma Vepituah,95,2,ערבית,Arabs,4
4,9,1959,דוד בן-גוריון,David Ben Gurion,0,שיתוף ואחווה,Shituf Veahva,108,2,ערבית,Arabs,4
4,9,1959,דוד בן-גוריון,David Ben Gurion,0,חקלאות ופיתוח,Haklaut VePituah,55,1,ערבית,Arabs,4
4,9,1959,דוד בן-גוריון,David Ben Gurion,0,חרות,Herut,56,17,ימין,Right,2
4,9,1959,דוד בן-גוריון,David Ben Gurion,0,הציונים הכלליים,Hatsiyonim Haklaliyim,38,8,ימין,Right,2
4,9,1959,דוד בן-גוריון,David Ben Gurion,0,"מק""י",Maki,83,3,שמאל,Left,5
5,10,1961,דוד בן-גוריון,David Ben Gurion,0,"מפא""י",Mapai,78,42,שמאל,Left,5
5,10,1961,דוד בן-גוריון,David Ben Gurion,0,"מפד""ל",Mafdal,79,12,דתיים,Religious,1
5,10,1961,דוד בן-גוריון,David Ben Gurion,0,אחדות העבודה-פועלי ציון,Achdut Haavoda - Poaley,3,8,שמאל,Left,5
5,10,1961,דוד בן-גוריון,David Ben Gurion,0,פועלי אגודת ישראל,Poaley Agudat Yisrael,90,2,דתיים,Religious,1
5,10,1961,דוד בן-גוריון,David Ben Gurion,0,שיתוף ואחווה,Shituf Veahva,108,2,ערבית,Arabs,4
5,10,1961,דוד בן-גוריון,David Ben Gurion,0,קידמה ופיתוח,Kidma Vepituah,95,2,ערבית,Arabs,4
5,10,1961,דוד בן-גוריון,David Ben Gurion,0,חרות,Herut,56,17,ימין,Right,2
5,10,1961,דוד בן-גוריון,David Ben Gurion,0,המפלגה הליברלית,Hamiflaga Haliberalit,29,17,ימין,Right,2
5,10,1961,דוד בן-גוריון,David Ben Gurion,0,"מפ""ם",Mapam,77,9,שמאל,Left,5
5,10,1961,דוד בן-גוריון,David Ben Gurion,0,"מק""י",Maki,83,5,שמאל,Left,5
5,10,1961,דוד בן-גוריון,David Ben Gurion,0,אגודת ישראל,Agudat Yisrael,0,4,דתיים,Religious,1
5,11,1963,לוי אשכול,Levi Eshkol,2,"מפא""י",Mapai,78,42,שמאל,Left,5
5,11,1963,לוי אשכול,Levi Eshkol,2,"מפד""ל",Mafdal,79,12,דתיים,Religious,1
5,11,1963,לוי אשכול,Levi Eshkol,2,אחדות העבודה-פועלי ציון,Achdut Haavoda - Poaley,3,8,שמאל,Left,5
5,11,1963,לוי אשכול,Levi Eshkol,2,פועלי אגודת ישראל,Poaley Agudat Yisrael,90,2,דתיים,Religious,1
5,11,1963,לוי אשכול,Levi Eshkol,2,שיתוף ואחווה,Shituf Veahva,108,2,ערבית,Arabs,4
5,11,1963,לוי אשכול,Levi Eshkol,2,קידמה ופיתוח,Kidma Vepituah,95,2,ערבית,Arabs,4
5,11,1963,לוי אשכול,Levi Eshkol,2,חרות,Herut,56,17,ימין,Right,2
5,11,1963,לוי אשכול,Levi Eshkol,2,המפלגה הליברלית,Hamiflaga Haliberalit,29,17,ימין,Right,2
5,11,1963,לוי אשכול,Levi Eshkol,2,"מפ""ם",Mapam,77,9,שמאל,Left,5
5,11,1963,לוי אשכול,Levi Eshkol,2,"מק""י",Maki,83,5,שמאל,Left,5
5,11,1963,לוי אשכול,Levi Eshkol,2,אגודת ישראל,Agudat Yisrael,0,4,דתיים,Religious,1
5,12,1964,לוי אשכול,Levi Eshkol,2,"מפא""י",Mapai,78,41,שמאל,Left,5
5,12,1964,לוי אשכול,Levi Eshkol,2,"מפד""ל",Mafdal,79,12,דתיים,Religious,1
5,12,1964,לוי אשכול,Levi Eshkol,2,אחדות העבודה-פועלי ציון,Achdut Haavoda - Poaley,3,8,שמאל,Left,5
5,12,1964,לוי אשכול,Levi Eshkol,2,פועלי אגודת ישראל,Poaley Agudat Yisrael,90,2,דתיים,Religious,1
5,12,1964,לוי אשכול,Levi Eshkol,2,שיתוף ואחווה,Shituf Veahva,108,2,ערבית,Arabs,4
5,12,1964,לוי אשכול,Levi Eshkol,2,קידמה ופיתוח,Kidma Vepituah,95,2,ערבית,Arabs,4
5,12,1964,לוי אשכול,Levi Eshkol,2,חרות,Herut,56,17,ימין,Right,2
5,12,1964,לוי אשכול,Levi Eshkol,2,המפלגה הליברלית,Hamiflaga Haliberalit,29,17,ימין,Right,2
5,12,1964,לוי אשכול,Levi Eshkol,2,"מפ""ם",Mapam,77,9,שמאל,Left,5
5,12,1964,לוי אשכול,Levi Eshkol,2,"מק""י",Maki,83,5,שמאל,Left,5
5,12,1964,לוי אשכול,Levi Eshkol,2,אגודת ישראל,Agudat Yisrael,0,4,דתיים,Religious,1
5,12,1964,לוי אשכול,Levi Eshkol,2,סיעת יחיד,Siat Yahid,86,1,שמאל,Left,5
6,13,1966,לוי אשכול,Levi Eshkol,2,המערך,Hamaarah,26,45,שמאל,Left,5
6,13,1966,לוי אשכול,Levi Eshkol,2,"מפד""ל",Mafdal,79,11,דתיים,Religious,1
6,13,1966,לוי אשכול,Levi Eshkol,2,"מפ""ם",Mapam,77,8,שמאל,Left,5
6,13,1966,לוי אשכול,Levi Eshkol,2,ליברלים עצמאיים,Liberim Atsmaiyim,69,5,ימין,Right,2
6,13,1966,לוי אשכול,Levi Eshkol,2,פועלי אגודת ישראל,Poaley Agudat Yisrael,90,2,דתיים,Religious,1
6,13,1966,לוי אשכול,Levi Eshkol,2,קידמה ופיתוח,Kidma Vepituah,95,2,ערבית,Arabs,4
6,13,1966,לוי אשכול,Levi Eshkol,2,שיתוף ואחווה,Shituf Veahva,108,2,ערבית,Arabs,4
6,13,1966,לוי אשכול,Levi Eshkol,2,"גח""ל",Gahal,7,26,ימין,Right,2
6,13,1966,לוי אשכול,Levi Eshkol,2,"רפ""י",Rafi,100,10,שמאל,Left,5
6,13,1966,לוי אשכול,Levi Eshkol,2,אגודת ישראל,Agudat Yisrael,0,4,דתיים,Religious,1
6,13,1966,לוי אשכול,Levi Eshkol,2,"רק""ח",Rakah,103,3,שמאל,Left,5
6,13,1966,לוי אשכול,Levi Eshkol,2,העולם הזה - כח חדש,Haolam Haze - Koah,36,1,שמאל,Left,5
6,13,1966,לוי אשכול,Levi Eshkol,2,"מק""י",Maki,83,1,שמאל,Left,5
6,14,1969,גולדה מאיר,Golda Meir,3,המערך,Hamaarah,26,63,שמאל,Left,5
6,14,1969,גולדה מאיר,Golda Meir,3,"מפד""ל",Mafdal,79,11,דתיים,Religious,1
6,14,1969,גולדה מאיר,Golda Meir,3,המרכז החופשי,Hamerkaz Hahofshi,32,4,שמאל,Left,5
6,14,1969,גולדה מאיר,Golda Meir,3,ליברלים עצמאיים,Liberim Atsmaiyim,69,4,ימין,Right,2
6,14,1969,גולדה מאיר,Golda Meir,3,פועלי אגודת ישראל,Poaley Agudat Yisrael,90,2,דתיים,Religious,1
6,14,1969,גולדה מאיר,Golda Meir,3,קידמה ופיתוח,Kidma Vepituah,95,1,ערבית,Arabs,4
6,14,1969,גולדה מאיר,Golda Meir,3,שיתוף ואחווה,Shituf Veahva,108,1,ערבית,Arabs,4
6,14,1969,גולדה מאיר,Golda Meir,3,"גח""ל",Gahal,7,22,ימין,Right,2
6,14,1969,גולדה מאיר,Golda Meir,3,דוד בן גוריון,David Ben Gurion,12,1,שמאל,Left,5
6,14,1969,גולדה מאיר,Golda Meir,3,אגודת ישראל,Agudat Yisrael,0,4,דתיים,Religious,1
6,14,1969,גולדה מאיר,Golda Meir,3,"רק""ח",Rakah,103,3,שמאל,Left,5
6,14,1969,גולדה מאיר,Golda Meir,3,העולם הזה - כח חדש,Haolam Haze - Koah,36,1,שמאל,Left,5
6,14,1969,גולדה מאיר,Golda Meir,3,סיעה דרוזית ישראלית,Sia Druzit Yisraelit,85,1,סקטוריאלית,Sectorial,3
6,14,1969,גולדה מאיר,Golda Meir,3,אחווה יהודית ערבית,Achva Yehudit Aravit,4,1,ערבית,Arabs,4
6,14,1969,גולדה מאיר,Golda Meir,3,"מק""י",Maki,83,1,שמאל,Left,5
7,15,1969,גולדה מאיר,Golda Meir,3,המערך,Hamaarah,26,56,שמאל,Left,5
7,15,1969,גולדה מאיר,Golda Meir,3,"גח""ל",Gahal,7,26,ימין,Right,2
7,15,1969,גולדה מאיר,Golda Meir,3,"מפד""ל",Mafdal,79,12,דתיים,Religious,1
7,15,1969,גולדה מאיר,Golda Meir,3,ליברלים עצמאיים,Liberim Atsmaiyim,69,4,ימין,Right,2
7,15,1969,גולדה מאיר,Golda Meir,3,קידמה ופיתוח,Kidma Vepituah,95,2,ערבית,Arabs,4
7,15,1969,גולדה מאיר,Golda Meir,3,שיתוף ואחווה,Shituf Veahva,108,2,ערבית,Arabs,4
7,15,1969,גולדה מאיר,Golda Meir,3,אגודת ישראל,Agudat Yisrael,0,4,דתיים,Religious,1
7,15,1969,גולדה מאיר,Golda Meir,3,הרשימה הממלכתית,Hareshima Hamamlahtit,40,4,שמאל,Left,5
7,15,1969,גולדה מאיר,Golda Meir,3,"רק""ח",Rakah,103,3,שמאל,Left,5
7,15,1969,גולדה מאיר,Golda Meir,3,פועלי אגודת ישראל,Poaley Agudat Yisrael,90,2,דתיים,Religious,1
7,15,1969,גולדה מאיר,Golda Meir,3,העולם הזה - כח חדש,Haolam Haze - Koah,36,2,שמאל,Left,5
7,15,1969,גולדה מאיר,Golda Meir,3,המרכז החופשי,Hamerkaz Hahofshi,32,2,ימין,Right,2
7,15,1969,גולדה מאיר,Golda Meir,3,"מק""י",Maki,83,1,שמאל,Left,5
8,16,1974,גולדה מאיר,Golda Meir,3,המערך,Hamaarah,26,51,שמאל,Left,5
8,16,1974,גולדה מאיר,Golda Meir,3,"מפד""ל",Mafdal,79,10,דתיים,Religious,1
8,16,1974,גולדה מאיר,Golda Meir,3,ליברלים עצמאיים,Liberim Atsmaiyim,69,4,ימין,Right,2
8,16,1974,גולדה מאיר,Golda Meir,3,קידמה ופיתוח,Kidma Vepituah,95,2,ערבית,Arabs,4
8,16,1974,גולדה מאיר,Golda Meir,3,רשמה ערבית לבדואים וכפריים,Reshima Aravit lebeduim,105,1,ערבית,Arabs,4
8,16,1974,גולדה מאיר,Golda Meir,3,הליכוד,Halikud,20,39,ימין,Right,2
8,16,1974,גולדה מאיר,Golda Meir,3,חזית דתית תורתית,Hazit Datit Toratit,54,5,דתיים,Religious,1
8,16,1974,גולדה מאיר,Golda Meir,3,"רק""ח",Rakah,103,4,שמאל,Left,5
8,16,1974,גולדה מאיר,Golda Meir,3,רצ,Rats,102,3,שמאל,Left,5
8,16,1974,גולדה מאיר,Golda Meir,3,מוקד,Moked,73,1,שמאל,Left,5
8,17,1974,יצחק רבין,Yitshak Rabin,4,המערך,Hamaarah,26,54,שמאל,Left,5
8,17,1974,יצחק רבין,Yitshak Rabin,4,"מפד""ל",Mafdal,79,10,דתיים,Religious,1
8,17,1974,יצחק רבין,Yitshak Rabin,4,ליברלים עצמאיים,Liberim Atsmaiyim,69,4,ימין,Right,2
8,17,1974,יצחק רבין,Yitshak Rabin,4,הליכוד,Halikud,20,39,ימין,Right,2
8,17,1974,יצחק רבין,Yitshak Rabin,4,חזית דתית תורתית,Hazit Datit Toratit,54,5,דתיים,Religious,1
8,17,1974,יצחק רבין,Yitshak Rabin,4,"רק""ח",Rakah,103,4,שמאל,Left,5
8,17,1974,יצחק רבין,Yitshak Rabin,4,רצ,Rats,102,3,שמאל,Left,5
8,17,1974,יצחק רבין,Yitshak Rabin,4,מוקד,Moked,73,1,שמאל,Left,5
9,18,1977,מנחם בגין,Menahem Begin,5,הליכוד,Halikud,20,43,ימין,Right,2
9,18,1977,מנחם בגין,Menahem Begin,5,"ד""ש",Dash,10,15,שמאל,Left,5
9,18,1977,מנחם בגין,Menahem Begin,5,"מפד""ל",Mafdal,79,12,דתיים,Religious,1
9,18,1977,מנחם בגין,Menahem Begin,5,אגודת ישראל,Agudat Yisrael,0,4,דתיים,Religious,1
9,18,1977,מנחם בגין,Menahem Begin,5,שלומציון,Shlomtsion,109,2,ימין,Right,2
9,18,1977,מנחם בגין,Menahem Begin,5,המערך,Hamaarah,26,32,שמאל,Left,5
9,18,1977,מנחם בגין,Menahem Begin,5,"חד""ש",Hadash,49,5,שמאל,Left,5
9,18,1977,מנחם בגין,Menahem Begin,5,פלאטו שרון,Plato Sharon,91,1,סקטוריאלית,Sectorial,3
9,18,1977,מנחם בגין,Menahem Begin,5,"מחנה של""י",Mahane Sheli,76,2,שמאל,Left,5
9,18,1977,מנחם בגין,Menahem Begin,5,"רע""ם",Raam,96,1,ערבית,Arabs,4
9,18,1977,מנחם בגין,Menahem Begin,5,פועלי אגודת ישראל,Poaley Agudat Yisrael,90,1,דתיים,Religious,1
9,18,1977,מנחם בגין,Menahem Begin,5,רצ,Rats,102,1,שמאל,Left,5
9,18,1977,מנחם בגין,Menahem Begin,5,ליברלים עצמאיים,Liberim Atsmaiyim,69,1,ימין,Right,2
10,19,1981,מנחם בגין,Menahem Begin,5,הליכוד,Halikud,20,48,ימין,Right,2
10,19,1981,מנחם בגין,Menahem Begin,5,"מפד""ל",Mafdal,79,6,דתיים,Religious,1
10,19,1981,מנחם בגין,Menahem Begin,5,אגודת ישראל,Agudat Yisrael,0,4,דתיים,Religious,1
10,19,1981,מנחם בגין,Menahem Begin,5,"תמ""י",Tami,110,3,דתיים,Religious,1
10,19,1981,מנחם בגין,Menahem Begin,5,התחייה,Hathiya,45,3,ימין,Right,2
10,19,1981,מנחם בגין,Menahem Begin,5,תנועה להתחדשות ממלכית,Tnua Lhidhadshut,111,2,שמאל,Left,5
10,19,1981,מנחם בגין,Menahem Begin,5,המערך,Hamaarah,26,47,שמאל,Left,5
10,19,1981,מנחם בגין,Menahem Begin,5,"חד""ש",Hadash,49,4,שמאל,Left,5
10,19,1981,מנחם בגין,Menahem Begin,5,שינוי,Shinuy,107,2,שמאל,Left,5
10,19,1981,מנחם בגין,Menahem Begin,5,רצ,Rats,102,1,שמאל,Left,5
10,20,1983,יצחק שמיר,Yitshak Shamir,6,הליכוד,Halikud,20,46,ימין,Right,2
10,20,1983,יצחק שמיר,Yitshak Shamir,6,"מפד""ל",Mafdal,79,5,דתיים,Religious,1
10,20,1983,יצחק שמיר,Yitshak Shamir,6,אגודת ישראל,Agudat Yisrael,0,4,דתיים,Religious,1
10,20,1983,יצחק שמיר,Yitshak Shamir,6,"תמ""י",Tami,110,3,דתיים,Religious,1
10,20,1983,יצחק שמיר,Yitshak Shamir,6,התחייה,Hathiya,45,3,ימין,Right,2
10,20,1983,יצחק שמיר,Yitshak Shamir,6,התנועה להתחדשות ציונית חברתית,Hanua Lhithadshut,47,1,שמאל,Left,5
10,20,1983,יצחק שמיר,Yitshak Shamir,6,המערך,Hamaarah,26,50,שמאל,Left,5
10,20,1983,יצחק שמיר,Yitshak Shamir,6,"חד""ש",Hadash,49,4,שמאל,Left,5
10,20,1983,יצחק שמיר,Yitshak Shamir,6,שינוי,Shinuy,107,2,שמאל,Left,5
10,20,1983,יצחק שמיר,Yitshak Shamir,6,"רפ""י - הרשימה הממלכתית",Rafi - Hareshima ,101,1,מרכז,Centre,0
10,20,1983,יצחק שמיר,Yitshak Shamir,6,"מצ""ד",Matsad,82,1,דתיים,Religious,1
11,21,1984,שמעון פרס,Shimon Peres,7,המערך,Hamaarah,26,44,שמאל,Left,5
11,21,1984,שמעון פרס,Shimon Peres,7,הליכוד,Halikud,20,41,ימין,Right,2
11,21,1984,שמעון פרס,Shimon Peres,7,"המפד""ל",Hamafdal,27,4,דתיים,Religious,1
11,21,1984,שמעון פרס,Shimon Peres,7,"ש""ס",Shas,106,4,דתיים,Religious,1
11,21,1984,שמעון פרס,Shimon Peres,7,שינוי,Shinuy,107,3,שמאל,Left,5
11,21,1984,שמעון פרס,Shimon Peres,7,יחד,Yahad,58,3,שמאל,Left,5
11,21,1984,שמעון פרס,Shimon Peres,7,אגודת ישראל,Agudat Yisrael,0,2,דתיים,Religious,1
11,21,1984,שמעון פרס,Shimon Peres,7,מורשה,Morasha,74,2,דתיים,Religious,1
11,21,1984,שמעון פרס,Shimon Peres,7,אומץ,Omets,2,1,ימין,Right,2
11,21,1984,שמעון פרס,Shimon Peres,7,התחיה-צומת,Hathiya - Tsomet,44,5,ימין,Right,2
11,21,1984,שמעון פרס,Shimon Peres,7,"חד""ש",Hadash,49,4,שמאל,Left,5
11,21,1984,שמעון פרס,Shimon Peres,7,רצ,Rats,102,3,שמאל,Left,5
11,21,1984,שמעון פרס,Shimon Peres,7,הרשימה המתקדמת לשלום,Hreshima Hamitkatemet,42,2,ערבית,Arabs,4
11,21,1984,שמעון פרס,Shimon Peres,7,"תמ""י",Tami,110,1,דתיים,Religious,1
11,21,1984,שמעון פרס,Shimon Peres,7,"כ""ך",Nah,66,1,ימין,Right,2
11,22,1986,יצחק שמיר,Yitshak Shamir,6,המערך,Hamaarah,26,40,שמאל,Left,5
11,22,1986,יצחק שמיר,Yitshak Shamir,6,הליכוד,Halikud,20,41,ימין,Right,2
11,22,1986,יצחק שמיר,Yitshak Shamir,6,"המפד""ל",Hamafdal,27,5,דתיים,Religious,1
11,22,1986,יצחק שמיר,Yitshak Shamir,6,"ש""ס",Shas,106,4,דתיים,Religious,1
11,22,1986,יצחק שמיר,Yitshak Shamir,6,שינוי,Shinuy,107,3,שמאל,Left,5
11,22,1986,יצחק שמיר,Yitshak Shamir,6,יחד,Yahad,58,0,שמאל,Left,5
11,22,1986,יצחק שמיר,Yitshak Shamir,6,אגודת ישראל,Agudat Yisrael,0,2,דתיים,Religious,1
11,22,1986,יצחק שמיר,Yitshak Shamir,6,"מורשה-פא""י",Morasha - Pai,75,1,דתיים,Religious,1
11,22,1986,יצחק שמיר,Yitshak Shamir,6,אומץ,Omets,2,1,ימין,Right,2
11,22,1986,יצחק שמיר,Yitshak Shamir,6,התחיה-צומת,Hathiya - Tsomet,44,5,ימין,Right,2
11,22,1986,יצחק שמיר,Yitshak Shamir,6,"חד""ש",Hadash,49,4,שמאל,Left,5
11,22,1986,יצחק שמיר,Yitshak Shamir,6,רצ,Rats,102,4,שמאל,Left,5
11,22,1986,יצחק שמיר,Yitshak Shamir,6,הרשימה המתקדמת לשלום,Hreshima Hamitkatemet,42,2,ערבית,Arabs,4
11,22,1986,יצחק שמיר,Yitshak Shamir,6,"תמ""י",Tami,110,1,דתיים,Religious,1
11,22,1986,יצחק שמיר,Yitshak Shamir,6,"מפ""ם",Mapam,77,6,שמאל,Left,5
11,22,1986,יצחק שמיר,Yitshak Shamir,6,"כ""ך",Nah,66,1,ימין,Right,2
12,23,1988,יצחק שמיר,Yitshak Shamir,6,הליכוד,Halikud,20,40,ימין,Right,2
12,23,1988,יצחק שמיר,Yitshak Shamir,6,המערך,Hamaarah,26,39,שמאל,Left,5
12,23,1988,יצחק שמיר,Yitshak Shamir,6,"ש""ס",Shas,106,6,דתיים,Religious,1
12,23,1988,יצחק שמיר,Yitshak Shamir,6,אגודת ישראל,Agudat Yisrael,0,5,דתיים,Religious,1
12,23,1988,יצחק שמיר,Yitshak Shamir,6,"מפד""ל",Mafdal,79,5,דתיים,Religious,1
12,23,1988,יצחק שמיר,Yitshak Shamir,6,דגל התורה,Degel Hatora,11,2,דתיים,Religious,1
12,23,1988,יצחק שמיר,Yitshak Shamir,6,רצ,Rats,102,5,שמאל,Left,5
12,23,1988,יצחק שמיר,Yitshak Shamir,6,"חד""ש",Hadash,49,4,שמאל,Left,5
12,23,1988,יצחק שמיר,Yitshak Shamir,6,התחייה,Hathiya,45,3,ימין,Right,2
12,23,1988,יצחק שמיר,Yitshak Shamir,6,"מפ""ם",Mapam,77,3,שמאל,Left,5
12,23,1988,יצחק שמיר,Yitshak Shamir,6,צומת,Tsomet,92,2,ימין,Right,2
12,23,1988,יצחק שמיר,Yitshak Shamir,6,מולדת,Moledet,72,2,ימין,Right,2
12,23,1988,יצחק שמיר,Yitshak Shamir,6,שינוי,Shinuy,107,2,שמאל,Left,5
12,23,1988,יצחק שמיר,Yitshak Shamir,6,הרשימה המתקדמת לשלום,Hreshima Hamitkatemet,42,1,ערבית,Arabs,4
12,23,1988,יצחק שמיר,Yitshak Shamir,6,"מד""ע",Mada,70,1,ערבית,Arabs,4
12,24,1990,יצחק שמיר,Yitshak Shamir,6,הליכוד,Halikud,20,35,ימין,Right,2
12,24,1990,יצחק שמיר,Yitshak Shamir,6,המפלגה לקידום הרעיון הציוני,Hamiflaga Lekidum,31,5,ימין,Right,2
12,24,1990,יצחק שמיר,Yitshak Shamir,6,המערך,Hamaarah,26,39,שמאל,Left,5
12,24,1990,יצחק שמיר,Yitshak Shamir,6,"ש""ס",Shas,106,6,דתיים,Religious,1
12,24,1990,יצחק שמיר,Yitshak Shamir,6,אגודת ישראל,Agudat Yisrael,0,5,דתיים,Religious,1
12,24,1990,יצחק שמיר,Yitshak Shamir,6,"מפד""ל",Mafdal,79,5,דתיים,Religious,1
12,24,1990,יצחק שמיר,Yitshak Shamir,6,דגל התורה,Degel Hatora,11,2,דתיים,Religious,1
12,24,1990,יצחק שמיר,Yitshak Shamir,6,רצ,Rats,102,5,שמאל,Left,5
12,24,1990,יצחק שמיר,Yitshak Shamir,6,"חד""ש",Hadash,49,4,שמאל,Left,5
12,24,1990,יצחק שמיר,Yitshak Shamir,6,התחייה,Hathiya,45,3,ימין,Right,2
12,24,1990,יצחק שמיר,Yitshak Shamir,6,"מפ""ם",Mapam,77,3,שמאל,Left,5
12,24,1990,יצחק שמיר,Yitshak Shamir,6,צומת,Tsomet,92,2,ימין,Right,2
12,24,1990,יצחק שמיר,Yitshak Shamir,6,מולדת,Moledet,72,2,ימין,Right,2
12,24,1990,יצחק שמיר,Yitshak Shamir,6,שינוי,Shinuy,107,2,שמאל,Left,5
12,24,1990,יצחק שמיר,Yitshak Shamir,6,הרשימה המתקדמת לשלום,Hreshima Hamitkatemet,42,1,ערבית,Arabs,4
12,24,1990,יצחק שמיר,Yitshak Shamir,6,"מד""ע",Mada,70,1,ערבית,Arabs,4
13,25,1992,יצחק רבין,Yitshak Rabin,4,העבודה,Haavoda,33,44,שמאל,Left,5
13,25,1992,יצחק רבין,Yitshak Rabin,4,מרצ,Merets,84,12,שמאל,Left,5
13,25,1992,יצחק רבין,Yitshak Rabin,4,"ש""ס",Shas,106,6,דתיים,Religious,1
13,25,1992,יצחק רבין,Yitshak Rabin,4,הליכוד,Halikud,20,32,ימין,Right,2
13,25,1992,יצחק רבין,Yitshak Rabin,4,צומת,Tsomet,92,8,ימין,Right,2
13,25,1992,יצחק רבין,Yitshak Rabin,4,"מפד""ל",Mafdal,79,6,דתיים,Religious,1
13,25,1992,יצחק רבין,Yitshak Rabin,4,יהדות התורה,Yahadut Hatora,57,4,דתיים,Religious,1
13,25,1992,יצחק רבין,Yitshak Rabin,4,"חד""ש",Hadash,49,3,ערבית,Arabs,4
13,25,1992,יצחק רבין,Yitshak Rabin,4,מולדת,Moledet,72,3,ימין,Right,2
13,25,1992,יצחק רבין,Yitshak Rabin,4,"מד""ע",Mada,70,2,ערבית,Arabs,4
13,26,1995,שמעון פרס,Shimon Peres,7,העבודה,Haavoda,33,44,שמאל,Left,5
13,26,1995,שמעון פרס,Shimon Peres,7,מרצ,Merets,84,12,שמאל,Left,5
13,26,1995,שמעון פרס,Shimon Peres,7,"ש""ס",Shas,106,6,דתיים,Religious,1
13,26,1995,שמעון פרס,Shimon Peres,7,הליכוד,Halikud,20,32,ימין,Right,2
13,26,1995,שמעון פרס,Shimon Peres,7,צומת,Tsomet,92,5,ימין,Right,2
13,26,1995,שמעון פרס,Shimon Peres,7,יעוד,Yiud,61,3,ימין,Right,2
13,26,1995,שמעון פרס,Shimon Peres,7,"מפד""ל",Mafdal,79,6,דתיים,Religious,1
13,26,1995,שמעון פרס,Shimon Peres,7,יהדות התורה,Yahadut Hatora,57,4,דתיים,Religious,1
13,26,1995,שמעון פרס,Shimon Peres,7,"חד""ש",Hadash,49,3,ערבית,Arabs,4
13,26,1995,שמעון פרס,Shimon Peres,7,מולדת,Moledet,72,2,ימין,Right,2
13,26,1995,שמעון פרס,Shimon Peres,7,ימין ישראל,Yamin Yisrael,59,1,ימין,Right,2
13,26,1995,שמעון פרס,Shimon Peres,7,"מד""ע",Mada,70,2,ערבית,Arabs,4
14,27,1996,בנימין נתניהו,Binyamin Netanyahu,8,הליכוד-גשר-צומת,Halikud - Gesher - Tsomet,21,32,ימין,Right,2
14,27,1996,בנימין נתניהו,Binyamin Netanyahu,8,"ש""ס",Shas,106,10,דתיים,Religious,1
14,27,1996,בנימין נתניהו,Binyamin Netanyahu,8,"המפד""ל",Hamafdal,27,9,דתיים,Religious,1
14,27,1996,בנימין נתניהו,Binyamin Netanyahu,8,ישראל בעלייה,Yisrael Bealya,65,7,סקטוריאלית,Sectorial,3
14,27,1996,בנימין נתניהו,Binyamin Netanyahu,8,יהדות התורה,Yahadut Hatora,57,4,דתיים,Religious,1
14,27,1996,בנימין נתניהו,Binyamin Netanyahu,8,הדרך השלישית,Hadereh Hshlishit,19,4,מרכז,Centre,0
14,27,1996,בנימין נתניהו,Binyamin Netanyahu,8,העבודה,Haavoda,33,34,שמאל,Left,5
14,27,1996,בנימין נתניהו,Binyamin Netanyahu,8,מרצ,Merets,84,9,שמאל,Left,5
14,27,1996,בנימין נתניהו,Binyamin Netanyahu,8,"חד""ש-בל""ד",Hadash - Balad,50,5,ערבית,Arabs,4
14,27,1996,בנימין נתניהו,Binyamin Netanyahu,8,"מד""ע-רע""ם",Mada - Raam,71,4,ערבית,Arabs,4
14,27,1996,בנימין נתניהו,Binyamin Netanyahu,8,מולדת,Moledet,72,2,ימין,Right,2
15,28,1999,אהוד ברק,Ehud Barak,9,ישראל אחת,Yisrael Ahat,63,26,שמאל,Left,5
15,28,1999,אהוד ברק,Ehud Barak,9,"ש""ס",Shas,106,17,דתיים,Religious,1
15,28,1999,אהוד ברק,Ehud Barak,9,מרצ,Merets,84,10,שמאל,Left,5
15,28,1999,אהוד ברק,Ehud Barak,9,ישראל בעלייה,Yisrael Bealya,65,6,סקטוריאלית,Sectorial,3
15,28,1999,אהוד ברק,Ehud Barak,9,מפלגת המרכז,Mifleget Hamerkaz,81,6,מרכז,Centre,0
15,28,1999,אהוד ברק,Ehud Barak,9,"מפד""ל",Mafdal,79,5,דתיים,Religious,1
15,28,1999,אהוד ברק,Ehud Barak,9,יהדות התורה,Yahadut Hatora,57,5,דתיים,Religious,1
15,28,1999,אהוד ברק,Ehud Barak,9,הליכוד,Halikud,20,19,ימין,Right,2
15,28,1999,אהוד ברק,Ehud Barak,9,שינוי,Shinuy,107,6,מרכז,Centre,0
15,28,1999,אהוד ברק,Ehud Barak,9,"רע""ם",Raam,96,5,ערבית,Arabs,4
15,28,1999,אהוד ברק,Ehud Barak,9,האיחוד הלאומי,Haihud Haleumi,13,4,ימין,Right,2
15,28,1999,אהוד ברק,Ehud Barak,9,ישראל ביתנו,Yisrael Beitenu,64,4,ימין,Right,2
15,28,1999,אהוד ברק,Ehud Barak,9,"חד""ש",Hadash,49,3,ערבית,Arabs,4
15,28,1999,אהוד ברק,Ehud Barak,9,עם אחד,Am Ehad,89,2,שמאל,Left,5
15,28,1999,אהוד ברק,Ehud Barak,9,"בל""ד",Balad,6,2,ערבית,Arabs,4
15,29,2001,אריאל שרון,Ariel Sharon,10,ישראל אחת,Yisrael Ahat,63,23,שמאל,Left,5
15,29,2001,אריאל שרון,Ariel Sharon,10,"ש""ס",Shas,106,17,דתיים,Religious,1
15,29,2001,אריאל שרון,Ariel Sharon,10,מרצ,Merets,84,10,שמאל,Left,5
15,29,2001,אריאל שרון,Ariel Sharon,10,ישראל בעלייה,Yisrael Bealya,65,4,סקטוריאלית,Sectorial,3
15,29,2001,אריאל שרון,Ariel Sharon,10,הבחירה הדמוקרטית,Habhira Hademokratit,16,2,סקטוריאלית,Sectorial,3
15,29,2001,אריאל שרון,Ariel Sharon,10,מפלגת המרכז,Mifleget Hamerkaz,81,3,מרכז,Centre,0
15,29,2001,אריאל שרון,Ariel Sharon,10,הדרך החדשה,Hadereh Hahadasha,18,3,מרכז,Centre,0
15,29,2001,אריאל שרון,Ariel Sharon,10,"מפד""ל",Mafdal,79,5,דתיים,Religious,1
15,29,2001,אריאל שרון,Ariel Sharon,10,יהדות התורה,Yahadut Hatora,57,5,דתיים,Religious,1
15,29,2001,אריאל שרון,Ariel Sharon,10,הליכוד,Halikud,20,19,ימין,Right,2
15,29,2001,אריאל שרון,Ariel Sharon,10,שינוי,Shinuy,107,6,מרכז,Centre,0
15,29,2001,אריאל שרון,Ariel Sharon,10,המפלגה הלאומית הערבית,Hamiflaga Haleumit ,28,2,ערבית,Arabs,4
15,29,2001,אריאל שרון,Ariel Sharon,10,"רע""ם",Raam,96,3,ערבית,Arabs,4
15,29,2001,אריאל שרון,Ariel Sharon,10,האיחוד הלאומי-ישראל ביתנו,Haihud Haleumi - Yisrael,14,7,ימין,Right,2
15,29,2001,אריאל שרון,Ariel Sharon,10,גשר,Gesher,9,3,ימין,Right,2
15,29,2001,אריאל שרון,Ariel Sharon,10,"חד""ש",Hadash,49,3,ערבית,Arabs,4
15,29,2001,אריאל שרון,Ariel Sharon,10,עם אחד,Am Ehad,89,2,שמאל,Left,5
15,29,2001,אריאל שרון,Ariel Sharon,10,"תע""ל",Taal,113,1,ערבית,Arabs,4
15,29,2001,אריאל שרון,Ariel Sharon,10,חרות,Herut,56,1,ימין,Right,2
15,29,2001,אריאל שרון,Ariel Sharon,10,"בל""ד",Balad,6,1,ערבית,Arabs,4
16,30,2003,אריאל שרון,Ariel Sharon,10,הליכוד,Halikud,20,38,ימין,Right,2
16,30,2003,אריאל שרון,Ariel Sharon,10,שינוי,Shinuy,107,15,מרכז,Centre,0
16,30,2003,אריאל שרון,Ariel Sharon,10,האיחוד הלאומי,Haihud Haleumi,13,7,ימין,Right,2
16,30,2003,אריאל שרון,Ariel Sharon,10,"המפד""ל",Hamafdal,27,6,דתיים,Religious,1
16,30,2003,אריאל שרון,Ariel Sharon,10,ישראל בעלייה,Yisrael Bealya,65,2,סקטוריאלית,Sectorial,3
16,30,2003,אריאל שרון,Ariel Sharon,10,העבודה-מימד,Haavoda - Meimad,35,19,שמאל,Left,5
16,30,2003,אריאל שרון,Ariel Sharon,10,"ש""ס",Shas,106,11,דתיים,Religious,1
16,30,2003,אריאל שרון,Ariel Sharon,10,מרצ,Merets,84,6,שמאל,Left,5
16,30,2003,אריאל שרון,Ariel Sharon,10,יהדות התורה,Yahadut Hatora,57,5,דתיים,Religious,1
16,30,2003,אריאל שרון,Ariel Sharon,10,"חד""ש-תע""ל",Hadash - Taal,51,3,ערבית,Arabs,4
16,30,2003,אריאל שרון,Ariel Sharon,10,עם אחד,Am Ehad,89,3,שמאל,Left,5
16,30,2003,אריאל שרון,Ariel Sharon,10,"בל""ד",Balad,6,3,ערבית,Arabs,4
16,30,2003,אריאל שרון,Ariel Sharon,10,"רע""ם",Raam,96,2,ערבית,Arabs,4
17,31,2006,אהוד אולמרט,Ehud Ulmart,11,קדימה,Kadima,93,29,מרכז,Centre,0
17,31,2006,אהוד אולמרט,Ehud Ulmart,11,העבודה-מימד,Haavoda - Meimad,35,19,שמאל,Left,5
17,31,2006,אהוד אולמרט,Ehud Ulmart,11,"ש""ס",Shas,106,12,דתיים,Religious,1
17,31,2006,אהוד אולמרט,Ehud Ulmart,11,ישראל ביתנו,Yisrael Beitenu,64,11,סקטוריאלית,Sectorial,3
17,31,2006,אהוד אולמרט,Ehud Ulmart,11,גיל,Gil,8,7,סקטוריאלית,Sectorial,3
17,31,2006,אהוד אולמרט,Ehud Ulmart,11,הליכוד,Halikud,20,12,ימין,Right,2
17,31,2006,אהוד אולמרט,Ehud Ulmart,11,"האיחוד הלאומי-מפד""ל",Haihud Haleumi - Mafdal,15,9,דתיים,Religious,1
17,31,2006,אהוד אולמרט,Ehud Ulmart,11,יהדות התורה,Yahadut Hatora,57,6,דתיים,Religious,1
17,31,2006,אהוד אולמרט,Ehud Ulmart,11,מרצ,Merets,84,5,שמאל,Left,5
17,31,2006,אהוד אולמרט,Ehud Ulmart,11,"רע""ם-תע""ל",Raam - Taal,97,4,ערבית,Arabs,4
17,31,2006,אהוד אולמרט,Ehud Ulmart,11,"חד""ש",Hadash,49,3,ערבית,Arabs,4
17,31,2006,אהוד אולמרט,Ehud Ulmart,11,"בל""ד",Balad,6,3,ערבית,Arabs,4
18,32,2009,בנימין נתניהו,Binyamin Netanyahu,8,הליכוד,Halikud,20,27,ימין,Right,2
18,32,2009,בנימין נתניהו,Binyamin Netanyahu,8,ישראל ביתנו,Yisrael Beitenu,64,15,סקטוריאלית,Sectorial,3
18,32,2009,בנימין נתניהו,Binyamin Netanyahu,8,העבודה,Haavoda,33,13,שמאל,Left,5
18,32,2009,בנימין נתניהו,Binyamin Netanyahu,8,"ש""ס",Shas,106,11,דתיים,Religious,1
18,32,2009,בנימין נתניהו,Binyamin Netanyahu,8,יהדות התורה,Yahadut Hatora,57,5,דתיים,Religious,1
18,32,2009,בנימין נתניהו,Binyamin Netanyahu,8,הבית היהודי,Habait Hayehudi,17,3,דתיים,Religious,1
18,32,2009,בנימין נתניהו,Binyamin Netanyahu,8,קדימה,Kadima,93,28,מרכז,Centre,0
18,32,2009,בנימין נתניהו,Binyamin Netanyahu,8,"רע""ם-תע""ל",Raam - Taal,97,4,ערבית,Arabs,4
18,32,2009,בנימין נתניהו,Binyamin Netanyahu,8,האיחוד הלאומי,Haihud Haleumi,13,4,ימין,Right,2
18,32,2009,בנימין נתניהו,Binyamin Netanyahu,8,"חד""ש",Hadash,49,4,ערבית,Arabs,4
18,32,2009,בנימין נתניהו,Binyamin Netanyahu,8,מרצ,Merets,84,3,שמאל,Left,5
18,32,2009,בנימין נתניהו,Binyamin Netanyahu,8,"בל""ד",Balad,6,3,ערבית,Arabs,4
19,33,2013,בנימין נתניהו,Binyamin Netanyahu,8,הליכוד-ישראל ביתנו,Halikud - Yisrael Beitenu,22,31,ימין,Right,2
19,33,2013,בנימין נתניהו,Binyamin Netanyahu,8,יש עתיד,Yesh Atid,62,19,מרכז,Centre,0
19,33,2013,בנימין נתניהו,Binyamin Netanyahu,8,הבית היהודי,Habait Hayehudi,17,12,דתיים,Religious,1
19,33,2013,בנימין נתניהו,Binyamin Netanyahu,8,התנועה,Hatnua,46,6,מרכז,Centre,0
19,33,2013,בנימין נתניהו,Binyamin Netanyahu,8,העבודה,Haavoda,33,15,שמאל,Left,5
19,33,2013,בנימין נתניהו,Binyamin Netanyahu,8,"ש""ס",Shas,106,11,דתיים,Religious,1
19,33,2013,בנימין נתניהו,Binyamin Netanyahu,8,יהדות התורה,Yahadut Hatora,57,7,דתיים,Religious,1
19,33,2013,בנימין נתניהו,Binyamin Netanyahu,8,מרצ,Merets,84,6,שמאל,Left,5
19,33,2013,בנימין נתניהו,Binyamin Netanyahu,8,"רע""ם-תע""ל-מד""ע",Raam - Taal - Mada,98,4,ערבית,Arabs,4
19,33,2013,בנימין נתניהו,Binyamin Netanyahu,8,"חד""ש",Hadash,49,4,ערבית,Arabs,4
19,33,2013,בנימין נתניהו,Binyamin Netanyahu,8,קדימה,Kadima,93,2,מרכז,Centre,0
19,33,2013,בנימין נתניהו,Binyamin Netanyahu,8,"בל""ד",Balad,6,3,ערבית,Arabs,4
20,34,2015,בנימין נתניהו,Binyamin Netanyahu,8,הליכוד,Halikud,20,30,ימין,Right,2
20,34,2015,בנימין נתניהו,Binyamin Netanyahu,8,כולנו,Kulanu,67,10,מרכז,Centre,0
20,34,2015,בנימין נתניהו,Binyamin Netanyahu,8,הבית היהודי,Habait Hayehudi,17,8,דתיים,Religious,1
20,34,2015,בנימין נתניהו,Binyamin Netanyahu,8,"ש""ס",Shas,106,7,דתיים,Religious,1
20,34,2015,בנימין נתניהו,Binyamin Netanyahu,8,ישראל ביתנו,Yisrael Beitenu,64,6,סקטוריאלית,Sectorial,3
20,34,2015,בנימין נתניהו,Binyamin Netanyahu,8,יהדות התורה,Yahadut Hatora,57,6,דתיים,Religious,1
20,34,2015,בנימין נתניהו,Binyamin Netanyahu,8,המחנה הציוני,Hamahane Hatsioni,25,24,שמאל,Left,5
20,34,2015,בנימין נתניהו,Binyamin Netanyahu,8,הרשימה המשותפת,Hareshima Hameshutefet,41,13,ערבית,Arabs,4
20,34,2015,בנימין נתניהו,Binyamin Netanyahu,8,יש עתיד,Yesh Atid,62,11,מרכז,Centre,0
20,34,2015,בנימין נתניהו,Binyamin Netanyahu,8,מרצ,Merets,84,5,שמאל,Left,5
21,35,2019,אין,None,12,הליכוד,Halikud,20,35,ימין,Right,2
21,35,2019,אין,None,12,כחול לבן,Kahol Lavan,68,35,מרכז,Centre,0
21,35,2019,אין,None,12,"ש""ס",Shas,106,8,דתיים,Religious,1
21,35,2019,אין,None,12,יהדות התורה,Yahadut Hatora,57,8,דתיים,Religious,1
21,35,2019,אין,None,12,העבודה,Haavoda,33,6,שמאל,Left,5
21,35,2019,אין,None,12,"חד""ש-תע""ל",Hadash - Taal,51,6,ערבית,Arabs,4
21,35,2019,אין,None,12,ישראל ביתנו,Yisrael Beitenu,64,5,סקטוריאלית,Sectorial,3
21,35,2019,אין,None,12,איחוד מפלגות הימין,Ichud Miflagot Hayamin,5,5,דתיים,Religious,1
21,35,2019,אין,None,12,כולנו,Kulanu,67,4,מרכז,Centre,0
21,35,2019,אין,None,12,מרצ,Merets,84,4,שמאל,Left,5
21,35,2019,אין,None,12,"רע""ם בל""ד",Raam - Balad,99,4,ערבית,Arabs,4
22,36,2019,אין,None,12,הליכוד,Halikud,20,32,ימין,Right,2
22,36,2019,אין,None,12,כחול לבן,Kahol Lavan,68,33,מרכז,Centre,0
22,36,2019,אין,None,12,"ש""ס",Shas,106,9,דתיים,Religious,1
22,36,2019,אין,None,12,יהדות התורה,Yahadut Hatora,57,7,דתיים,Religious,1
22,36,2019,אין,None,12,העבודה-גשר,Haavoda - Gesher,34,6,שמאל,Left,5
22,36,2019,אין,None,12,הרשימה המשותפת,Hareshima Hameshutefet,41,13,ערבית,Arabs,4
22,36,2019,אין,None,12,ישראל ביתנו,Yisrael Beitenu,64,8,סקטוריאלית,Sectorial,3
22,36,2019,אין,None,12,ימינה,Yamina,60,7,דתיים,Religious,1
22,36,2019,אין,None,12,המחנה הדמוקרטי,Hamahane Hademokrati,24,5,שמאל,Left,5
23,37,2020,אין,None,12,הליכוד,Halikud,20,36,ימין,Right,2
23,37,2020,אין,None,12,כחול לבן,Kahol Lavan,68,33,מרכז,Centre,0
23,37,2020,אין,None,12,הרשימה המשותפת,Hareshima Hameshutefet,41,15,ערבית,Arabs,4
23,37,2020,אין,None,12,"ש""ס",Shas,106,9,דתיים,Religious,1
23,37,2020,אין,None,12,יהדות התורה,Yahadut Hatora,57,7,דתיים,Religious,1
23,37,2020,אין,None,12,העבודה-גשר-מרצ,Haavoda – Gesher – Merets,114,7,שמאל,Left,5
23,37,2020,אין,None,12,ישראל ביתנו,Yisrael Beitenu,64,7,סקטוריאלית,Sectorial,3
23,37,2020,אין,None,12,ימינה–הבית היהודי–האיחוד הלאומי,Yamina – Bayit yehidi – Ichud leumi,115,7,דתיים,Religious,1
